[
  {
    "id": "AD",
    "name": "ANDORRA",
    "shortname": "Andorra",
    "phonecode": "376",
    "zone": "Western Europe",
    "currency": "EUR",
    "continent": "Europe",
    "geoLat": 42.5486542501806,
    "geoLong": 1.57676643468505,
    "altname": "ANDORRA"
  },
  {
    "id": "AE",
    "name": "UNITED ARAB EMIRATES",
    "shortname": "UAE",
    "phonecode": "971",
    "zone": "Middle East",
    "currency": "AED",
    "continent": "Asia",
    "geoLat": 23.8520599823879,
    "geoLong": 54.2561723713588,
    "altname": "United Arab Emirates"
  },
  {
    "id": "AF",
    "name": "AFGHANISTAN",
    "shortname": "Afghanistan",
    "phonecode": "93",
    "zone": "Middle East",
    "currency": "AFN",
    "continent": "Asia",
    "geoLat": 33.8388058603423,
    "geoLong": 66.0264709817607,
    "altname": "AFGHANISTAN"
  },
  {
    "id": "AG",
    "name": "ANTIGUA & BARBUDA",
    "shortname": "Antigua & Barbuda",
    "phonecode": "1-268",
    "zone": "Latin America",
    "currency": "XCD",
    "continent": "South America",
    "geoLat": 17.11793422,
    "geoLong": -61.84387674,
    "altname": "ANTIGUA & BARBUDA"
  },
  {
    "id": "AI",
    "name": "ANGUILLA",
    "shortname": "Anguilla",
    "phonecode": "1-264",
    "zone": "Latin America",
    "currency": "XCD",
    "continent": "South America",
    "geoLat": 18.1945854999999,
    "geoLong": -63.0818298,
    "altname": "ANGUILLA"
  },
  {
    "id": "AL",
    "name": "ALBANIA",
    "shortname": "Albania",
    "phonecode": "355",
    "zone": "Eastern Europe",
    "alias": "Republic of Albania",
    "currency": "ALL",
    "continent": "Europe",
    "geoLat": 40.641089555859,
    "geoLong": 20.1566908111252,
    "altname": "ALBANIA"
  },
  {
    "id": "AM",
    "name": "ARMENIA",
    "shortname": "Armenia",
    "phonecode": "374",
    "zone": "Middle East",
    "currency": "AMD",
    "continent": "Asia",
    "geoLat": 40.6056564938472,
    "geoLong": 44.6603948347298,
    "altname": "ARMENIA"
  },
  {
    "id": "AN",
    "name": "NETHERLANDS ANTILLES",
    "shortname": "Netherlands Antilles",
    "phonecode": "599",
    "zone": "Latin America",
    "currency": "ANG",
    "continent": "South America",
    "geoLat": 52.183059,
    "geoLong": 5.976735,
    "altname": "NETHERLANDS ANTILLES"
  },
  {
    "id": "AO",
    "name": "ANGOLA",
    "shortname": "Angola",
    "phonecode": "244",
    "zone": "Southern Africa",
    "currency": "AOA",
    "continent": "Africa",
    "geoLat": -12.0993951347033,
    "geoLong": 17.912292115939,
    "altname": "ANGOLA"
  },
  {
    "id": "AQ",
    "name": "ANTARCTICA",
    "shortname": "Antarctica",
    "phonecode": "672",
    "zone": "Antarctica",
    "currency": "USD",
    "continent": "Antarctica",
    "geoLat": -72.822042,
    "geoLong": 0,
    "altname": "ANTARCTICA"
  },
  {
    "id": "AR",
    "name": "ARGENTINA",
    "shortname": "Argentina",
    "phonecode": "54",
    "zone": "Latin America",
    "alias": "Argentine Republic",
    "currency": "ARS",
    "continent": "South America",
    "geoLat": -36.252002,
    "geoLong": -63.954193,
    "altname": "ARGENTINA"
  },
  {
    "id": "AS",
    "name": "AMERICAN SAMOA",
    "shortname": "American Samoa",
    "phonecode": "1-684",
    "zone": "Latin America",
    "currency": "USD",
    "continent": "South America",
    "geoLat": -14.304405426733,
    "geoLong": -170.707833250312,
    "altname": "AMERICAN SAMOA"
  },
  {
    "id": "AT",
    "name": "AUSTRIA",
    "shortname": "Austria",
    "phonecode": "43",
    "zone": "Western Europe",
    "alias": "Republic of Austria",
    "currency": "EUR",
    "continent": "Europe",
    "geoLat": 47.6077978292689,
    "geoLong": 14.3001435907641,
    "altname": "AUSTRIA"
  },
  {
    "id": "AU",
    "name": "AUSTRALIA",
    "shortname": "Australia",
    "phonecode": "61",
    "zone": "Oceania",
    "alias": "Commonwealth of Australia",
    "currency": "AUD",
    "continent": "Oceania",
    "geoLat": -25.7349684916223,
    "geoLong": 134.489562606981,
    "altname": "AUSTRALIA"
  },
  {
    "id": "AW",
    "name": "ARUBA",
    "shortname": "Aruba",
    "phonecode": "297",
    "zone": "Latin America",
    "currency": "AWG",
    "continent": "South America",
    "geoLat": 12.5156286858793,
    "geoLong": -69.9756409523066,
    "altname": "ARUBA"
  },
  {
    "id": "AZ",
    "name": "AZERBAIJAN",
    "shortname": "Azerbaijan",
    "phonecode": "994",
    "zone": "Middle East",
    "currency": "AZN",
    "continent": "Asia",
    "geoLat": 40.418259613178,
    "geoLong": 47.720341220495,
    "altname": "AZERBAIJAN"
  },
  {
    "id": "BA",
    "name": "BOSNIA AND HERZEGOVINA",
    "shortname": "Bosnia & Herzegovina",
    "phonecode": "387",
    "zone": "Eastern Europe",
    "currency": "BAM",
    "continent": "Europe",
    "geoLat": 44.168115060358,
    "geoLong": 17.7865310090801,
    "altname": "Bosnia & Herzegovina"
  },
  {
    "id": "BB",
    "name": "BARBADOS",
    "shortname": "Barbados",
    "phonecode": "1-246",
    "zone": "Latin America",
    "currency": "BBD",
    "continent": "South America",
    "geoLat": 13.1787146900535,
    "geoLong": -59.5619546611369,
    "altname": "BARBADOS"
  },
  {
    "id": "BD",
    "name": "BANGLADESH",
    "shortname": "Bangladesh",
    "phonecode": "880",
    "zone": "India Subcontinent",
    "currency": "BDT",
    "continent": "Asia",
    "geoLat": 24.3476077999364,
    "geoLong": 90.0779740421191,
    "altname": "BANGLADESH"
  },
  {
    "id": "BE",
    "name": "BELGIUM",
    "shortname": "Belgium",
    "phonecode": "32",
    "zone": "Western Europe",
    "currency": "EUR",
    "continent": "Europe",
    "geoLat": 50.438696,
    "geoLong": 4.63357500000001,
    "altname": "BELGIUM"
  },
  {
    "id": "BF",
    "name": "BURKINA FASO",
    "shortname": "Burkina Faso",
    "phonecode": "226",
    "zone": "Northern Africa",
    "alias": "Upper Volta",
    "currency": "XOF",
    "continent": "Africa",
    "geoLat": 12.2779295146076,
    "geoLong": -1.57306231994955,
    "altname": "BURKINA FASO"
  },
  {
    "id": "BG",
    "name": "BULGARIA",
    "shortname": "Bulgaria",
    "phonecode": "359",
    "zone": "Eastern Europe",
    "currency": "BGN",
    "continent": "Europe",
    "geoLat": 42.7613767127692,
    "geoLong": 25.2315070071904,
    "altname": "BULGARIA"
  },
  {
    "id": "BH",
    "name": "BAHRAIN",
    "shortname": "Bahrain",
    "phonecode": "973",
    "zone": "Middle East",
    "currency": "BHD",
    "continent": "Asia",
    "geoLat": 26.0224069941867,
    "geoLong": 50.5596439032492,
    "altname": "BAHRAIN"
  },
  {
    "id": "BI",
    "name": "BURUNDI",
    "shortname": "Burundi",
    "phonecode": "257",
    "zone": "Southern Africa",
    "currency": "BIF",
    "continent": "Africa",
    "geoLat": -3.5324543338914,
    "geoLong": 29.8871461223835,
    "altname": "BURUNDI"
  },
  {
    "id": "BJ",
    "name": "BENIN",
    "shortname": "Benin",
    "phonecode": "229",
    "zone": "Northern Africa",
    "currency": "XOF",
    "continent": "Africa",
    "geoLat": 10.3383829799812,
    "geoLong": 2.42667424920265,
    "altname": "BENIN"
  },
  {
    "id": "BL",
    "name": "SAINT BARTH\u00c9LEMY",
    "shortname": "Saint Barth\u00e9lemy",
    "phonecode": "590",
    "zone": "Latin America",
    "currency": "EUR",
    "continent": "South America",
    "geoLat": 43.331055,
    "geoLong": 5.398385,
    "altname": "SAINT BARTH\u00c9LEMY"
  },
  {
    "id": "BM",
    "name": "BERMUDA",
    "shortname": "Bermuda",
    "phonecode": "1-441",
    "zone": "Latin America",
    "currency": "BMD",
    "continent": "South America",
    "geoLat": 32.3179203152518,
    "geoLong": -64.7370103996652,
    "altname": "BERMUDA"
  },
  {
    "id": "BN",
    "name": "BRUNEI",
    "shortname": "Brunei",
    "phonecode": "673",
    "zone": "SouthEast Asia",
    "currency": "BND",
    "continent": "Asia",
    "geoLat": 4.56546705389121,
    "geoLong": 114.562410992128,
    "altname": "BRUNEI"
  },
  {
    "id": "BO",
    "name": "BOLIVIA",
    "shortname": "Bolivia",
    "phonecode": "591",
    "zone": "Latin America",
    "currency": "BOB",
    "continent": "South America",
    "geoLat": -16.9706623441227,
    "geoLong": -64.2696051242704,
    "altname": "BOLIVIA"
  },
  {
    "id": "BQ",
    "name": "BONAIRE",
    "shortname": "Bonaire",
    "phonecode": "599",
    "zone": "Latin America",
    "currency": "USD",
    "continent": "South America",
    "geoLat": 12.149239,
    "geoLong": -68.270922,
    "altname": "BONAIRE"
  },
  {
    "id": "BR",
    "name": "BRAZIL",
    "shortname": "Brazil",
    "phonecode": "55",
    "zone": "Latin America",
    "currency": "BRL",
    "continent": "South America",
    "geoLat": -9.58890301712257,
    "geoLong": -51.6197890205486,
    "altname": "BRAZIL"
  },
  {
    "id": "BS",
    "name": "BAHAMAS",
    "shortname": "Bahamas",
    "phonecode": "1-242",
    "zone": "Latin America",
    "currency": "BSD",
    "continent": "South America",
    "geoLat": 25.07471,
    "geoLong": -77.3408,
    "altname": "The Bahamas"
  },
  {
    "id": "BT",
    "name": "BHUTAN",
    "shortname": "Bhutan",
    "phonecode": "975",
    "zone": "India Subcontinent",
    "currency": "BTN",
    "continent": "Asia",
    "geoLat": 27.415414814619,
    "geoLong": 90.4294341148677,
    "altname": "BHUTAN"
  },
  {
    "id": "BV",
    "name": "BOUVET ISLAND",
    "shortname": "Bouvet Island",
    "phonecode": "47",
    "zone": "Southern Africa",
    "currency": "NOK",
    "continent": "Africa",
    "geoLat": -54.43333,
    "geoLong": 3.4,
    "altname": "Bouvet I."
  },
  {
    "id": "BW",
    "name": "BOTSWANA",
    "shortname": "Botswana",
    "phonecode": "267",
    "zone": "Southern Africa",
    "alias": "Bechuanaland,Republic of Botswana",
    "currency": "BWP",
    "continent": "Africa",
    "geoLat": -22.2129427788611,
    "geoLong": 24.3162647690614,
    "altname": "BOTSWANA"
  },
  {
    "id": "BY",
    "name": "BELARUS",
    "shortname": "Belarus",
    "phonecode": "375",
    "zone": "Eastern Europe",
    "alias": "Republic of Belarus",
    "currency": "BYR",
    "continent": "Europe",
    "geoLat": 53.5399976445262,
    "geoLong": 28.0467875099009,
    "altname": "BELARUS"
  },
  {
    "id": "BZ",
    "name": "BELIZE",
    "shortname": "Belize",
    "phonecode": "501",
    "zone": "Latin America",
    "alias": "British Honduras",
    "currency": "BZD",
    "continent": "South America",
    "geoLat": 17.2168536428077,
    "geoLong": -88.686006535616,
    "altname": "BELIZE"
  },
  {
    "id": "CA",
    "name": "CANADA",
    "shortname": "Canada",
    "phonecode": "1",
    "zone": "North America",
    "currency": "CAD",
    "continent": "North America",
    "geoLat": 55.5859012851966,
    "geoLong": -105.750595856519,
    "altname": "CANADA"
  },
  {
    "id": "CC",
    "name": "COCOS ISLANDS",
    "shortname": "Cocos Islands",
    "phonecode": "61",
    "zone": "Oceania",
    "currency": "AUD",
    "continent": "Oceania",
    "geoLat": -12.18785286,
    "geoLong": 96.83103701,
    "altname": "Cocos Is."
  },
  {
    "id": "CD",
    "name": "DEMOCRACTIC REPUBLIC OF CONGO",
    "shortname": "Congo (DR)",
    "phonecode": "243",
    "zone": "Southern Africa",
    "currency": "CDF",
    "continent": "Africa",
    "geoLat": -1.17291850148401,
    "geoLong": 23.1668993658996,
    "altname": "Democratic Republic of Congo"
  },
  {
    "id": "CF",
    "name": "CENTRAL AFRICAN REPUBLIC",
    "shortname": "Central African Rep",
    "phonecode": "236",
    "zone": "Northern Africa",
    "currency": "XAF",
    "continent": "Africa",
    "geoLat": 6.57134078462119,
    "geoLong": 20.4828261100212,
    "altname": "Central African Republic"
  },
  {
    "id": "CG",
    "name": "CONGO",
    "shortname": "Congo",
    "phonecode": "242",
    "zone": "Southern Africa",
    "alias": "Democractic Republic Of Congo",
    "currency": "XAF",
    "continent": "Africa",
    "geoLat": -1.17291850148401,
    "geoLong": 23.1668993658996,
    "altname": "Republic of Congo"
  },
  {
    "id": "CH",
    "name": "SWITZERLAND",
    "shortname": "Switzerland",
    "phonecode": "41",
    "zone": "Western Europe",
    "alias": "Swiss Confederation",
    "currency": "CHF",
    "continent": "Europe",
    "geoLat": 46.8024955829499,
    "geoLong": 8.23439191387853,
    "altname": "SWITZERLAND"
  },
  {
    "id": "CI",
    "name": "COTE D IVOIRE",
    "shortname": "Ivory Coast",
    "phonecode": "225",
    "zone": "Northern Africa",
    "alias": "Cote D'Ivoire",
    "currency": "XOF",
    "continent": "Africa",
    "geoLat": 45.72778,
    "geoLong": -73.665917,
    "altname": "Cote d'Ivoire"
  },
  {
    "id": "CK",
    "name": "COOK ISLANDS",
    "shortname": "Cook Islands",
    "phonecode": "682",
    "zone": "Oceania",
    "currency": "NZD",
    "continent": "Oceania",
    "geoLat": -21.2368447000001,
    "geoLong": -159.7711563,
    "altname": "Cook Is."
  },
  {
    "id": "CL",
    "name": "CHILE",
    "shortname": "Chile",
    "phonecode": "56",
    "zone": "Latin America",
    "currency": "CLP",
    "continent": "South America",
    "geoLat": -26.783346,
    "geoLong": -69.761008,
    "altname": "CHILE"
  },
  {
    "id": "CM",
    "name": "CAMEROON",
    "shortname": "Cameroon",
    "phonecode": "237",
    "zone": "Northern Africa",
    "currency": "XAF",
    "continent": "Africa",
    "geoLat": 4.80651220617253,
    "geoLong": 12.2137541551234,
    "altname": "CAMEROON"
  },
  {
    "id": "CN",
    "name": "CHINA",
    "shortname": "China",
    "phonecode": "86",
    "zone": "East Asia",
    "alias": "People's Republic of China",
    "currency": "CNY",
    "continent": "Asia",
    "geoLat": 35.4867029846329,
    "geoLong": 101.901875103385,
    "altname": "CHINA"
  },
  {
    "id": "CO",
    "name": "COLOMBIA",
    "shortname": "Colombia",
    "phonecode": "57",
    "zone": "Latin America",
    "currency": "COP",
    "continent": "South America",
    "geoLat": 3.06508799999999,
    "geoLong": -73.129056,
    "altname": "COLOMBIA"
  },
  {
    "id": "CR",
    "name": "COSTA RICA",
    "shortname": "Costa Rica",
    "phonecode": "506",
    "zone": "Latin America",
    "currency": "CRC",
    "continent": "South America",
    "geoLat": 10.2577944410312,
    "geoLong": -84.2009147613538,
    "altname": "COSTA RICA"
  },
  {
    "id": "CU",
    "name": "CUBA",
    "shortname": "Cuba",
    "phonecode": "53",
    "zone": "Latin America",
    "currency": "CUP",
    "continent": "South America",
    "geoLat": 21.9468717021679,
    "geoLong": -79.2366720528138,
    "altname": "CUBA"
  },
  {
    "id": "CV",
    "name": "CAPE VERDE",
    "shortname": "Cape Verde",
    "phonecode": "238",
    "zone": "Northern Africa",
    "currency": "CVE",
    "continent": "Africa",
    "geoLat": 14.918,
    "geoLong": -23.509,
    "altname": "CAPE VERDE"
  },
  {
    "id": "CW",
    "name": "CURACAO",
    "shortname": "Curacao",
    "phonecode": "599",
    "zone": "Latin America",
    "currency": "ANG",
    "continent": "South America",
    "geoLat": 12.178308183856,
    "geoLong": -68.9817448480808,
    "altname": "CURACAO"
  },
  {
    "id": "CX",
    "name": "CHRISTMAS ISLANDS",
    "shortname": "Christmas Islands",
    "phonecode": "53",
    "zone": "Oceania",
    "currency": "AUD",
    "continent": "Oceania",
    "geoLat": -10.4878279000001,
    "geoLong": 105.6329821,
    "altname": "Christmas I."
  },
  {
    "id": "CY",
    "name": "CYPRUS",
    "shortname": "Cyprus",
    "phonecode": "357",
    "zone": "Eastern Europe",
    "currency": "EUR",
    "continent": "Europe",
    "geoLat": 35.0458816072997,
    "geoLong": 33.2217624140819,
    "altname": "CYPRUS"
  },
  {
    "id": "CZ",
    "name": "CZECH REPUBLIC",
    "shortname": "Czech Republic",
    "phonecode": "420",
    "zone": "Eastern Europe",
    "currency": "CZK",
    "continent": "Europe",
    "geoLat": 49.7428590048094,
    "geoLong": 15.3384118376873,
    "altname": "CZECH REPUBLIC"
  },
  {
    "id": "DE",
    "name": "GERMANY",
    "shortname": "Germany",
    "phonecode": "49",
    "zone": "Western Europe",
    "alias": "Federal Republic of Germany",
    "currency": "EUR",
    "continent": "Europe",
    "geoLat": 51.1334813439932,
    "geoLong": 10.0183432948567,
    "altname": "GERMANY"
  },
  {
    "id": "DJ",
    "name": "DJIBOUTI",
    "shortname": "Djibouti",
    "phonecode": "253",
    "zone": "Northern Africa",
    "currency": "DJF",
    "continent": "Africa",
    "geoLat": 11.7496765333164,
    "geoLong": 42.5777653608456,
    "altname": "DJIBOUTI"
  },
  {
    "id": "DK",
    "name": "DENMARK",
    "shortname": "Denmark",
    "phonecode": "45",
    "zone": "Northern Europe",
    "currency": "DKK",
    "continent": "Europe",
    "geoLat": 55.9633978748347,
    "geoLong": 10.0462968058278,
    "altname": "DENMARK"
  },
  {
    "id": "DM",
    "name": "DOMINICA",
    "shortname": "Dominica",
    "phonecode": "1-767",
    "zone": "Latin America",
    "alias": "Commonwealth of Dominica",
    "currency": "XCD",
    "continent": "South America",
    "geoLat": 18.6062576970524,
    "geoLong": -70.1067224933053,
    "altname": "DOMINICA"
  },
  {
    "id": "DO",
    "name": "DOMINICAN REPUBLIC",
    "shortname": "Dominican Republic",
    "phonecode": "1-809",
    "zone": "Latin America",
    "currency": "DOP",
    "continent": "South America",
    "geoLat": 18.6062576970524,
    "geoLong": -70.1067224933053,
    "altname": "DOMINICAN REPUBLIC"
  },
  {
    "id": "DZ",
    "name": "ALGERIA",
    "shortname": "Algeria",
    "phonecode": "213",
    "zone": "Northern Africa",
    "alias": "People's Democratic Republic of Algeria",
    "currency": "DZD",
    "continent": "Africa",
    "geoLat": 28.1632395923063,
    "geoLong": 2.63238813336793,
    "altname": "ALGERIA"
  },
  {
    "id": "EC",
    "name": "ECUADOR",
    "shortname": "Ecuador",
    "phonecode": "593",
    "zone": "Latin America",
    "currency": "ECS",
    "continent": "South America",
    "geoLat": -1.16017132420716,
    "geoLong": -78.4329147227382,
    "altname": "ECUADOR"
  },
  {
    "id": "EE",
    "name": "ESTONIA",
    "shortname": "Estonia",
    "phonecode": "372",
    "zone": "Northern Europe",
    "currency": "EUR",
    "continent": "Europe",
    "geoLat": 58.7783968568071,
    "geoLong": 25.7615268448868,
    "altname": "ESTONIA"
  },
  {
    "id": "EG",
    "name": "EGYPT",
    "shortname": "Egypt",
    "phonecode": "20",
    "zone": "Northern Africa",
    "currency": "EGP",
    "continent": "Africa",
    "geoLat": 26.4941838299718,
    "geoLong": 29.871903452398,
    "altname": "EGYPT"
  },
  {
    "id": "EH",
    "name": "WESTERN SAHARA",
    "shortname": "Western Sahara",
    "phonecode": "212",
    "zone": "Northern Africa",
    "currency": "MAD",
    "continent": "Africa",
    "geoLat": 24.6008820899188,
    "geoLong": -13.7046095218304,
    "altname": "WESTERN SAHARA"
  },
  {
    "id": "ER",
    "name": "ERITREA",
    "shortname": "Eritrea",
    "phonecode": "291",
    "zone": "Northern Africa",
    "currency": "USD",
    "continent": "Africa",
    "geoLat": 15.6805129748268,
    "geoLong": 38.584156324299,
    "altname": "ERITREA"
  },
  {
    "id": "ES",
    "name": "SPAIN",
    "shortname": "Spain",
    "phonecode": "34",
    "zone": "Western Europe",
    "currency": "EUR",
    "continent": "Europe",
    "geoLat": 41.2948556295683,
    "geoLong": -4.05568501525488,
    "altname": "SPAIN"
  },
  {
    "id": "ET",
    "name": "ETHIOPIA",
    "shortname": "Ethiopia",
    "phonecode": "251",
    "zone": "Northern Africa",
    "currency": "ETB",
    "continent": "Africa",
    "geoLat": 8.62621960079895,
    "geoLong": 39.6160319910272,
    "altname": "ETHIOPIA"
  },
  {
    "id": "FI",
    "name": "FINLAND",
    "shortname": "Finland",
    "phonecode": "358",
    "zone": "Northern Europe",
    "alias": "Republic of Finland",
    "currency": "EUR",
    "continent": "Europe",
    "geoLat": 62.7777539652943,
    "geoLong": 26.199539005192,
    "altname": "FINLAND"
  },
  {
    "id": "FJ",
    "name": "FIJI ISLANDS",
    "shortname": "Fiji Islands",
    "phonecode": "679",
    "zone": "Oceania",
    "currency": "FJD",
    "continent": "Oceania",
    "geoLat": 36.253561,
    "geoLong": -115.17317,
    "altname": "Fiji"
  },
  {
    "id": "FK",
    "name": "FALKLAND ISLANDS",
    "shortname": "Falkland",
    "phonecode": "500",
    "zone": "Latin America",
    "currency": "USD",
    "continent": "South America",
    "geoLat": -51.69302404,
    "geoLong": -57.87147544,
    "altname": "Falkland Is."
  },
  {
    "id": "FM",
    "name": "MICRONESIA",
    "shortname": "Micronesia",
    "phonecode": "691",
    "zone": "Oceania",
    "currency": "USD",
    "continent": "Oceania",
    "geoLat": 6.90957,
    "geoLong": 158.16183,
    "altname": "MICRONESIA"
  },
  {
    "id": "FO",
    "name": "FAROE ISLANDS",
    "shortname": "Faroe Islands",
    "phonecode": "298",
    "zone": "Eastern Europe",
    "currency": "DKK",
    "continent": "Europe",
    "geoLat": 62.0310655277591,
    "geoLong": -6.88410945710822,
    "altname": "Faroe Is."
  },
  {
    "id": "FR",
    "name": "FRANCE",
    "shortname": "France",
    "phonecode": "33",
    "zone": "Western Europe",
    "alias": "French Republic",
    "currency": "EUR",
    "continent": "Europe",
    "geoLat": 47.8249046208979,
    "geoLong": 2.61878695312962,
    "altname": "FRANCE"
  },
  {
    "id": "GA",
    "name": "GABON",
    "shortname": "Gabon",
    "phonecode": "241",
    "zone": "Southern Africa",
    "currency": "XAF",
    "continent": "Africa",
    "geoLat": -0.590945177481755,
    "geoLong": 11.7972366735751,
    "altname": "GABON"
  },
  {
    "id": "GD",
    "name": "GRENADA",
    "shortname": "Grenada",
    "phonecode": "1-473",
    "zone": "Latin America",
    "currency": "XCD",
    "continent": "South America",
    "geoLat": 12.1129258398845,
    "geoLong": -61.6793774505556,
    "altname": "GRENADA"
  },
  {
    "id": "GE",
    "name": "GEORGIA",
    "shortname": "Georgia",
    "phonecode": "995",
    "zone": "Eastern Europe",
    "alias": "Iberia",
    "currency": "GEL",
    "continent": "Europe",
    "geoLat": 32.3305706594431,
    "geoLong": -83.2572560296474,
    "altname": "GEORGIA"
  },
  {
    "id": "GF",
    "name": "FRENCH GUIANA",
    "shortname": "French Guiana",
    "phonecode": "594",
    "zone": "Latin America",
    "currency": "EUR",
    "continent": "South America",
    "geoLat": 4.35792079157208,
    "geoLong": -53.1743920884317,
    "altname": "FRENCH GUIANA"
  },
  {
    "id": "GG",
    "name": "GUERNSEY",
    "shortname": "Guernsey",
    "phonecode": "44",
    "zone": "Western Europe",
    "currency": "GGP",
    "continent": "Europe",
    "geoLat": 49.45828447,
    "geoLong": -2.57336491,
    "altname": "GUERNSEY"
  },
  {
    "id": "GH",
    "name": "GHANA",
    "shortname": "Ghana",
    "phonecode": "233",
    "zone": "Northern Africa",
    "currency": "GHS",
    "continent": "Africa",
    "geoLat": 6.88085426914622,
    "geoLong": -1.16759442759906,
    "altname": "GHANA"
  },
  {
    "id": "GI",
    "name": "GIBRALTAR",
    "shortname": "Gibraltar",
    "phonecode": "350",
    "zone": "Western Europe",
    "currency": "USD",
    "continent": "Europe",
    "geoLat": 36.14087689,
    "geoLong": -5.35457429,
    "altname": "GIBRALTAR"
  },
  {
    "id": "GL",
    "name": "GREENLAND",
    "shortname": "Greenland",
    "phonecode": "299",
    "zone": "North America",
    "currency": "DKK",
    "continent": "North America",
    "geoLat": 74.7209117556808,
    "geoLong": -41.3894770446402,
    "altname": "GREENLAND"
  },
  {
    "id": "GM",
    "name": "THE GAMBIA",
    "shortname": "Gambia",
    "phonecode": "220",
    "zone": "Northern Africa",
    "currency": "GMD",
    "continent": "Africa",
    "geoLat": 13.4445255191194,
    "geoLong": -15.912854478675,
    "altname": "The Gambia"
  },
  {
    "id": "GN",
    "name": "GUINEA",
    "shortname": "Guinea",
    "phonecode": "224",
    "zone": "Northern Africa",
    "currency": "GNF",
    "continent": "Africa",
    "geoLat": 10.7855460398783,
    "geoLong": -11.0298621655307,
    "altname": "GUINEA"
  },
  {
    "id": "GP",
    "name": "GUADELOUPE",
    "shortname": "Guadeloupe",
    "phonecode": "590",
    "zone": "Latin America",
    "currency": "EUR",
    "continent": "South America",
    "geoLat": 15.99454009,
    "geoLong": -61.72715035,
    "altname": "GUADELOUPE"
  },
  {
    "id": "GQ",
    "name": "EQUATORIAL GUINEA",
    "shortname": "Equatorial Guinea",
    "phonecode": "240",
    "zone": "Northern Africa",
    "currency": "XAF",
    "continent": "Africa",
    "geoLat": 1.61213015485833,
    "geoLong": 10.5257705053847,
    "altname": "EQUATORIAL GUINEA"
  },
  {
    "id": "GR",
    "name": "GREECE",
    "shortname": "Greece",
    "phonecode": "30",
    "zone": "Western Europe",
    "currency": "EUR",
    "continent": "Europe",
    "geoLat": 38.5890212896367,
    "geoLong": 23.8285537394706,
    "altname": "GREECE"
  },
  {
    "id": "GS",
    "name": "SOUTH GEORGIA",
    "shortname": "South Georgia",
    "phonecode": "995",
    "zone": "Eastern Europe",
    "currency": "GBP",
    "continent": "Europe",
    "geoLat": -54.28330693,
    "geoLong": -36.49545116,
    "altname": "South Georgia & the South Sandwich Is."
  },
  {
    "id": "GT",
    "name": "GUATEMALA",
    "shortname": "Guatemala",
    "phonecode": "502",
    "zone": "Latin America",
    "currency": "USD",
    "continent": "South America",
    "geoLat": 15.6055893260292,
    "geoLong": -90.3900017126126,
    "altname": "GUATEMALA"
  },
  {
    "id": "GU",
    "name": "GUAM",
    "shortname": "Guam",
    "phonecode": "1-671",
    "zone": "Latin America",
    "currency": "USD",
    "continent": "South America",
    "geoLat": 13.4435651676475,
    "geoLong": 144.775596791471,
    "altname": "GUAM"
  },
  {
    "id": "GW",
    "name": "GUINEA-BISSAU",
    "shortname": "Guinea-Bissau",
    "phonecode": "245",
    "zone": "Northern Africa",
    "alias": "Portuguese Guinea,Republic of Guinea-Bissau",
    "currency": "USD",
    "continent": "Africa",
    "geoLat": 12.0317005007387,
    "geoLong": -14.9634826253283,
    "altname": "GUINEA-BISSAU"
  },
  {
    "id": "GY",
    "name": "GUYANA",
    "shortname": "Guyana",
    "phonecode": "592",
    "zone": "Latin America",
    "currency": "GYD",
    "continent": "South America",
    "geoLat": 5.62382279034036,
    "geoLong": -58.9747808781477,
    "altname": "GUYANA"
  },
  {
    "id": "HK",
    "name": "HONG KONG",
    "shortname": "Hong Kong",
    "phonecode": "852",
    "zone": "East Asia",
    "alias": "Hong Kong",
    "currency": "HKD",
    "continent": "Asia",
    "geoLat": 22.279356,
    "geoLong": 114.16255,
    "altname": "HONG KONG"
  },
  {
    "id": "HN",
    "name": "HONDURAS",
    "shortname": "Honduras",
    "phonecode": "504",
    "zone": "Latin America",
    "currency": "HNL",
    "continent": "South America",
    "geoLat": 14.7616644478253,
    "geoLong": -86.9216408872841,
    "altname": "HONDURAS"
  },
  {
    "id": "HR",
    "name": "CROATIA",
    "shortname": "Croatia",
    "phonecode": "385",
    "zone": "Eastern Europe",
    "currency": "HRK",
    "continent": "Europe",
    "geoLat": 45.6649521968376,
    "geoLong": 16.6791068850861,
    "altname": "CROATIA"
  },
  {
    "id": "HT",
    "name": "HAITI",
    "shortname": "Haiti",
    "phonecode": "509",
    "zone": "Latin America",
    "currency": "HTG",
    "continent": "South America",
    "geoLat": 19.1824357256899,
    "geoLong": -72.434514974505,
    "altname": "HAITI"
  },
  {
    "id": "HU",
    "name": "HUNGARY",
    "shortname": "Hungary",
    "phonecode": "36",
    "zone": "Eastern Europe",
    "alias": "Republic of Hungary",
    "currency": "HUF",
    "continent": "Europe",
    "geoLat": 47.0602667471763,
    "geoLong": 19.4993490091469,
    "altname": "HUNGARY"
  },
  {
    "id": "ID",
    "name": "INDONESIA",
    "shortname": "Indonesia",
    "phonecode": "62",
    "zone": "SouthEast Asia",
    "alias": "Republic of Indonesia",
    "currency": "IDR",
    "continent": "Asia",
    "geoLat": -6.17555357,
    "geoLong": 106.82721585,
    "altname": "INDONESIA"
  },
  {
    "id": "IE",
    "name": "IRELAND",
    "shortname": "Ireland",
    "phonecode": "353",
    "zone": "UK",
    "currency": "EUR",
    "continent": "Europe",
    "geoLat": 53.3054943871234,
    "geoLong": -7.73764888796793,
    "altname": "IRELAND"
  },
  {
    "id": "IL",
    "name": "ISRAEL",
    "shortname": "Israel",
    "phonecode": "972",
    "zone": "Middle East",
    "currency": "ILS",
    "continent": "Asia",
    "geoLat": 31.8472608144505,
    "geoLong": 34.8419985253627,
    "altname": "ISRAEL"
  },
  {
    "id": "IM",
    "name": "ISLE OF MAN",
    "shortname": "Isle of Man",
    "phonecode": "55",
    "zone": "Western Europe",
    "currency": "IMP",
    "continent": "Europe",
    "geoLat": 54.2290802101343,
    "geoLong": -4.5258501593996,
    "altname": "ISLE OF MAN"
  },
  {
    "id": "IN",
    "name": "INDIA",
    "shortname": "India",
    "phonecode": "91",
    "zone": "India Subcontinent",
    "currency": "INR",
    "continent": "Asia",
    "geoLat": 22.1991660760527,
    "geoLong": 78.476681027237,
    "altname": "INDIA"
  },
  {
    "id": "IO",
    "name": "BRITISH INDIAN OCEAN TERRITORY",
    "shortname": "BIOT",
    "phonecode": "246",
    "zone": "India Subcontinent",
    "currency": "USD",
    "continent": "Asia",
    "geoLat": -7.26059464,
    "geoLong": 72.37749449,
    "altname": "British Indian Ocean Territory"
  },
  {
    "id": "IQ",
    "name": "IRAQ",
    "shortname": "Iraq",
    "phonecode": "964",
    "zone": "Middle East",
    "currency": "IQD",
    "continent": "Asia",
    "geoLat": 33.0480556443919,
    "geoLong": 43.4047161632042,
    "altname": "IRAQ"
  },
  {
    "id": "IR",
    "name": "IRAN",
    "shortname": "Iran",
    "phonecode": "98",
    "zone": "Middle East",
    "currency": "IRR",
    "continent": "Asia",
    "geoLat": 32.5658376002324,
    "geoLong": 54.3013740876592,
    "altname": "Islamic Republic of Iran"
  },
  {
    "id": "IS",
    "name": "ICELAND",
    "shortname": "Iceland",
    "phonecode": "354",
    "zone": "Northern Europe",
    "currency": "ISK",
    "continent": "Europe",
    "geoLat": 64.9975884448459,
    "geoLong": -18.6054668169534,
    "altname": "ICELAND"
  },
  {
    "id": "IT",
    "name": "ITALY",
    "shortname": "Italy",
    "phonecode": "39",
    "zone": "Western Europe",
    "currency": "EUR",
    "continent": "Europe",
    "geoLat": 42.5041539170675,
    "geoLong": 12.6463610364431,
    "altname": "ITALY"
  },
  {
    "id": "JE",
    "name": "JERSEY",
    "shortname": "jersey",
    "phonecode": "44",
    "zone": "UK",
    "currency": "JEP",
    "continent": "Europe",
    "geoLat": 49.2184900496874,
    "geoLong": -2.14197981414417,
    "altname": "Jersey"
  },
  {
    "id": "JM",
    "name": "JAMAICA",
    "shortname": "Jamaica",
    "phonecode": "1-876",
    "zone": "Latin America",
    "currency": "JMD",
    "continent": "South America",
    "geoLat": 18.1512945138,
    "geoLong": -77.3192220134904,
    "altname": "JAMAICA"
  },
  {
    "id": "JO",
    "name": "JORDAN",
    "shortname": "Jordan",
    "phonecode": "962",
    "zone": "Middle East",
    "alias": "Kingdom of Jordan",
    "currency": "JOD",
    "continent": "Asia",
    "geoLat": 31.0101920713363,
    "geoLong": 36.4358628369717,
    "altname": "JORDAN"
  },
  {
    "id": "JP",
    "name": "JAPAN",
    "shortname": "Japan",
    "phonecode": "81",
    "zone": "SouthEast Asia",
    "currency": "JPY",
    "continent": "Asia",
    "geoLat": 36.3864928218528,
    "geoLong": 138.592229549504,
    "altname": "JAPAN"
  },
  {
    "id": "KE",
    "name": "KENYA",
    "shortname": "Kenya",
    "phonecode": "254",
    "zone": "Southern Africa",
    "alias": "Republic of Kenya",
    "currency": "KES",
    "continent": "Africa",
    "geoLat": 0.529862476788944,
    "geoLong": 37.8578818658854,
    "altname": "KENYA"
  },
  {
    "id": "KG",
    "name": "KYRGYZSTAN",
    "shortname": "Kyrgyzstan",
    "phonecode": "996",
    "zone": "Middle East",
    "currency": "KGS",
    "continent": "Asia",
    "geoLat": 41.465053955426,
    "geoLong": 74.5555962804371,
    "altname": "KYRGYZSTAN"
  },
  {
    "id": "KH",
    "name": "CAMBODIA",
    "shortname": "Cambodia",
    "phonecode": "855",
    "zone": "SouthEast Asia",
    "alias": "Kingdom of Cambodia",
    "currency": "KHR",
    "continent": "Asia",
    "geoLat": 12.4576331842438,
    "geoLong": 104.923981338048,
    "altname": "CAMBODIA"
  },
  {
    "id": "KI",
    "name": "KIRIBATI",
    "shortname": "Kiribati",
    "phonecode": "686",
    "zone": "Oceania",
    "currency": "AUD",
    "continent": "Oceania",
    "geoLat": 1.83893628591267,
    "geoLong": -157.371021236442,
    "altname": "KIRIBATI"
  },
  {
    "id": "KM",
    "name": "COMOROS",
    "shortname": "Comoros",
    "phonecode": "269",
    "zone": "Southern Africa",
    "currency": "KMF",
    "continent": "Africa",
    "geoLat": -11.70198978,
    "geoLong": 43.2541677,
    "altname": "COMOROS"
  },
  {
    "id": "KN",
    "name": "SAINT KITTS & NEVIS",
    "shortname": "Saint Kitts & Nevis",
    "phonecode": "1-869",
    "zone": "Latin America",
    "alias": "Federation of Saint Kitts and Nevis,Federation of Saint Christopher and Nevis",
    "currency": "XCD",
    "continent": "South America",
    "geoLat": 17.3261893181251,
    "geoLong": -62.7535176302248,
    "altname": "St. Kitts & Nevis"
  },
  {
    "id": "KP",
    "name": "KOREA, NORTH",
    "shortname": "North Korea",
    "phonecode": "850",
    "zone": "SouthEast Asia",
    "alias": "Democratic People's Republic of Korea",
    "currency": "USD",
    "continent": "Asia",
    "geoLat": 36.5759169,
    "geoLong": 128.5060124,
    "altname": "North Korea"
  },
  {
    "id": "KR",
    "name": "SOUTH KOREA",
    "shortname": "South Korea",
    "phonecode": "82",
    "zone": "SouthEast Asia",
    "alias": "Republic of Korea",
    "currency": "KRW",
    "continent": "Asia",
    "geoLat": 36.5362364654109,
    "geoLong": 128.168944342317,
    "altname": "SOUTH KOREA"
  },
  {
    "id": "KW",
    "name": "KUWAIT",
    "shortname": "Kuwait",
    "phonecode": "965",
    "zone": "Middle East",
    "currency": "KWD",
    "continent": "Asia",
    "geoLat": 29.3412115743027,
    "geoLong": 47.5906041080513,
    "altname": "KUWAIT"
  },
  {
    "id": "KY",
    "name": "CAYMAN ISLANDS",
    "shortname": "Cayman Islands",
    "phonecode": "1-345",
    "zone": "Latin America",
    "currency": "KYD",
    "continent": "South America",
    "geoLat": 19.3086622401692,
    "geoLong": -81.2384511989646,
    "altname": "Cayman Is."
  },
  {
    "id": "KZ",
    "name": "KAZAKHSTAN",
    "shortname": "Kazakhstan",
    "phonecode": "7",
    "zone": "Middle East",
    "currency": "KZT",
    "continent": "Asia",
    "geoLat": 48.160088082685,
    "geoLong": 67.3017735657682,
    "altname": "KAZAKHSTAN"
  },
  {
    "id": "LA",
    "name": "LAOS",
    "shortname": "Laos",
    "phonecode": "856",
    "zone": "SouthEast Asia",
    "currency": "LAK",
    "continent": "Asia",
    "geoLat": 19.9225890014436,
    "geoLong": 102.593736567576,
    "altname": "LAOS"
  },
  {
    "id": "LB",
    "name": "LEBANON",
    "shortname": "Lebanon",
    "phonecode": "961",
    "zone": "Middle East",
    "currency": "LBP",
    "continent": "Asia",
    "geoLat": 33.9202654117664,
    "geoLong": 35.888026075855,
    "altname": "LEBANON"
  },
  {
    "id": "LC",
    "name": "SAINT LUCIA",
    "shortname": "Saint Lucia",
    "phonecode": "1-758",
    "zone": "Latin America",
    "currency": "XCD",
    "continent": "South America",
    "geoLat": 13.897869297883,
    "geoLong": -60.9687124495575,
    "altname": "St. Lucia"
  },
  {
    "id": "LI",
    "name": "LIECHTENSTEIN",
    "shortname": "Liechtenstein",
    "phonecode": "423",
    "zone": "Western Europe",
    "currency": "CHF",
    "continent": "Europe",
    "geoLat": 47.1518475849904,
    "geoLong": 9.55426914739629,
    "altname": "LIECHTENSTEIN"
  },
  {
    "id": "LK",
    "name": "SRI LANKA",
    "shortname": "Sri Lanka",
    "phonecode": "94",
    "zone": "India Subcontinent",
    "alias": "Democratic Socialist Republic of Sri Lanka",
    "currency": "LKR",
    "continent": "Asia",
    "geoLat": 7.60808521895433,
    "geoLong": 80.7047272491285,
    "altname": "SRI LANKA"
  },
  {
    "id": "LR",
    "name": "LIBERIA",
    "shortname": "Liberia",
    "phonecode": "231",
    "zone": "Northern Africa",
    "currency": "LRD",
    "continent": "Africa",
    "geoLat": 6.44809185243873,
    "geoLong": -9.30791350606419,
    "altname": "LIBERIA"
  },
  {
    "id": "LS",
    "name": "LESOTHO",
    "shortname": "Lesotho",
    "phonecode": "266",
    "zone": "Southern Africa",
    "alias": "Kingdom of Lesotho",
    "currency": "LSL",
    "continent": "Africa",
    "geoLat": -29.5809998474103,
    "geoLong": 28.2430108685831,
    "altname": "LESOTHO"
  },
  {
    "id": "LT",
    "name": "LITHUANIA",
    "shortname": "Lithuania",
    "phonecode": "370",
    "zone": "Northern Europe",
    "currency": "LTL",
    "continent": "Europe",
    "geoLat": 55.4874125822773,
    "geoLong": 23.9315379882448,
    "altname": "LITHUANIA"
  },
  {
    "id": "LU",
    "name": "LUXEMBOURG",
    "shortname": "Luxembourg",
    "phonecode": "352",
    "zone": "Western Europe",
    "currency": "EUR",
    "continent": "Europe",
    "geoLat": 49.7706279766425,
    "geoLong": 6.08781366657564,
    "altname": "LUXEMBOURG"
  },
  {
    "id": "LV",
    "name": "LATVIA",
    "shortname": "Latvia",
    "phonecode": "371",
    "zone": "Northern Europe",
    "currency": "LVL",
    "continent": "Europe",
    "geoLat": 56.9590654127872,
    "geoLong": 24.8625932740492,
    "altname": "LATVIA"
  },
  {
    "id": "LY",
    "name": "LIBYA",
    "shortname": "Libya",
    "phonecode": "218",
    "zone": "Northern Africa",
    "currency": "LYD",
    "continent": "Africa",
    "geoLat": 27.0439610747292,
    "geoLong": 18.0232797726029,
    "altname": "LIBYA"
  },
  {
    "id": "MA",
    "name": "MOROCCO",
    "shortname": "Morocco",
    "phonecode": "212",
    "zone": "Northern Africa",
    "currency": "MAD",
    "continent": "Africa",
    "geoLat": 32.3507513130338,
    "geoLong": -6.01707272732872,
    "altname": "MOROCCO"
  },
  {
    "id": "MC",
    "name": "MONACO",
    "shortname": "Monaco",
    "phonecode": "377",
    "zone": "Western Europe",
    "currency": "EUR",
    "continent": "Europe",
    "geoLat": 43.73248184,
    "geoLong": 7.4189617,
    "altname": "MONACO"
  },
  {
    "id": "MD",
    "name": "MOLDOVA",
    "shortname": "Moldova",
    "phonecode": "373",
    "zone": "Eastern Europe",
    "currency": "MDL",
    "continent": "Europe",
    "geoLat": 47.1938708692964,
    "geoLong": 28.5741781104524,
    "altname": "MOLDOVA"
  },
  {
    "id": "ME",
    "name": "MONTENEGRO",
    "shortname": "Montenegro",
    "phonecode": "382",
    "zone": "Eastern Europe",
    "currency": "EUR",
    "countryLongname": "Montenegro",
    "continent": "Europe",
    "geoLat": 42.7904432662241,
    "geoLong": 19.2507340776716,
    "altname": "MONTENEGRO"
  },
  {
    "id": "MF",
    "name": "SAINT MARTIN",
    "shortname": "Saint Martin",
    "phonecode": "590",
    "zone": "North America",
    "currency": "EUR",
    "continent": "North America",
    "geoLat": 18.0886466717115,
    "geoLong": -63.0507908400355,
    "altname": "SAINT MARTIN"
  },
  {
    "id": "MG",
    "name": "MADAGASCAR",
    "shortname": "Madagascar",
    "phonecode": "261",
    "zone": "Southern Africa",
    "currency": "USD",
    "continent": "Africa",
    "geoLat": -19.3735339420708,
    "geoLong": 46.7059842741429,
    "altname": "MADAGASCAR"
  },
  {
    "id": "MH",
    "name": "MARSHALL ISLANDS",
    "shortname": "Marshall Islands",
    "phonecode": "692",
    "zone": "Oceania",
    "currency": "USD",
    "continent": "Oceania",
    "geoLat": 7.08908689,
    "geoLong": 171.37961868,
    "altname": "Marshall Is."
  },
  {
    "id": "MK",
    "name": "MACEDONIA",
    "shortname": "Macedonia",
    "phonecode": "389",
    "zone": "Eastern Europe",
    "currency": "MKD",
    "continent": "Europe",
    "geoLat": 41.5996826646442,
    "geoLong": 21.6974757513494,
    "altname": "The Republic of North Macedonia"
  },
  {
    "id": "ML",
    "name": "MALI",
    "shortname": "Mali",
    "phonecode": "223",
    "zone": "Northern Africa",
    "currency": "XOF",
    "continent": "Africa",
    "geoLat": 17.3503352399376,
    "geoLong": -1.25214497310038,
    "altname": "MALI"
  },
  {
    "id": "MM",
    "name": "MYANMAR",
    "shortname": "Myanmar",
    "phonecode": "95",
    "zone": "India Subcontinent",
    "currency": "MMK",
    "continent": "Asia",
    "geoLat": 21.1543188078769,
    "geoLong": 96.5069211391735,
    "altname": "MYANMAR"
  },
  {
    "id": "MN",
    "name": "MONGOLIA",
    "shortname": "Mongolia",
    "phonecode": "976",
    "zone": "East Asia",
    "currency": "MNT",
    "continent": "Asia",
    "geoLat": 46.8352906606684,
    "geoLong": 103.083217801107,
    "altname": "MONGOLIA"
  },
  {
    "id": "MO",
    "name": "MACAU (CHINA)",
    "shortname": "Macau (China)",
    "phonecode": "853",
    "zone": "East Asia",
    "alias": "Macau",
    "currency": "MOP",
    "continent": "Asia",
    "geoLat": 46.413009,
    "geoLong": 26.651976,
    "altname": "MACAU (CHINA)"
  },
  {
    "id": "MP",
    "name": "MARIANA ISLANDS",
    "shortname": "Mariana Islands",
    "phonecode": "1-670",
    "zone": "SouthEast Asia",
    "currency": "USD",
    "continent": "Asia",
    "geoLat": -0.022236,
    "geoLong": 109.329298,
    "altname": "Northern Mariana Is."
  },
  {
    "id": "MQ",
    "name": "MARTINIQUE",
    "shortname": "Martinique",
    "phonecode": "596",
    "zone": "Latin America",
    "currency": "EUR",
    "continent": "South America",
    "geoLat": 14.6525485200192,
    "geoLong": -61.0212870487474,
    "altname": "MARTINIQUE"
  },
  {
    "id": "MR",
    "name": "MAURITANIA",
    "shortname": "Mauritania",
    "phonecode": "222",
    "zone": "Northern Africa",
    "alias": "Islamic Republic of Mauritania",
    "currency": "MRO",
    "continent": "Africa",
    "geoLat": 19.7574723127526,
    "geoLong": -10.5327926241955,
    "altname": "MAURITANIA"
  },
  {
    "id": "MS",
    "name": "MONTSERRAT",
    "shortname": "Montserrat",
    "phonecode": "1-664",
    "zone": "Latin America",
    "currency": "XCD",
    "continent": "South America",
    "geoLat": 16.7417043,
    "geoLong": -62.1916845999998,
    "altname": "MONTSERRAT"
  },
  {
    "id": "MT",
    "name": "MALTA",
    "shortname": "Malta",
    "phonecode": "356",
    "zone": "Western Europe",
    "currency": "EUR",
    "continent": "Europe",
    "geoLat": 35.890522427978,
    "geoLong": 14.4419213796182,
    "altname": "MALTA"
  },
  {
    "id": "MU",
    "name": "MAURITIUS",
    "shortname": "Mauritius",
    "phonecode": "230",
    "zone": "Southern Africa",
    "currency": "MUR",
    "continent": "Africa",
    "geoLat": -20.16385665,
    "geoLong": 57.5025125,
    "altname": "MAURITIUS"
  },
  {
    "id": "MV",
    "name": "MALDIVES",
    "shortname": "Maldives",
    "phonecode": "960",
    "zone": "India Subcontinent",
    "currency": "MVR",
    "continent": "Asia",
    "geoLat": 4.17887365,
    "geoLong": 73.51104943,
    "altname": "MALDIVES"
  },
  {
    "id": "MW",
    "name": "MALAWI",
    "shortname": "Malawi",
    "phonecode": "265",
    "zone": "Southern Africa",
    "alias": "Nyasaland,Republic of Malawi",
    "currency": "MWK",
    "continent": "Africa",
    "geoLat": -13.2158036349607,
    "geoLong": 33.739163883354,
    "altname": "MALAWI"
  },
  {
    "id": "MX",
    "name": "MEXICO",
    "shortname": "Mexico",
    "phonecode": "52",
    "zone": "Latin America",
    "currency": "MXN",
    "continent": "South America",
    "geoLat": 23.9504642310912,
    "geoLong": -102.532867448126,
    "altname": "MEXICO"
  },
  {
    "id": "MY",
    "name": "MALAYSIA",
    "shortname": "Malaysia",
    "phonecode": "60",
    "zone": "SouthEast Asia",
    "currency": "MYR",
    "continent": "Asia",
    "geoLat": 4.49664266041942,
    "geoLong": 102.275719605501,
    "altname": "MALAYSIA"
  },
  {
    "id": "MZ",
    "name": "MOZAMBIQUE",
    "shortname": "Mozambique",
    "phonecode": "258",
    "zone": "Southern Africa",
    "currency": "MZN",
    "continent": "Africa",
    "geoLat": -18.0874664869235,
    "geoLong": 34.7501973908725,
    "altname": "MOZAMBIQUE"
  },
  {
    "id": "NA",
    "name": "NAMIBIA",
    "shortname": "Namibia",
    "phonecode": "264",
    "zone": "Southern Africa",
    "currency": "NAD",
    "continent": "Africa",
    "geoLat": -21.2010102346557,
    "geoLong": 17.2887615554773,
    "altname": "NAMIBIA"
  },
  {
    "id": "NC",
    "name": "NEW CALEDONIA",
    "shortname": "New Caledonia",
    "phonecode": "687",
    "zone": "Eastern Europe",
    "currency": "XPF",
    "continent": "Europe",
    "geoLat": -21.3163377992766,
    "geoLong": 165.715489207242,
    "altname": "NEW CALEDONIA"
  },
  {
    "id": "NE",
    "name": "NIGER",
    "shortname": "Niger",
    "phonecode": "227",
    "zone": "Northern Africa",
    "currency": "XOF",
    "continent": "Africa",
    "geoLat": 9.59395988695573,
    "geoLong": 8.10530640960786,
    "altname": "NIGER"
  },
  {
    "id": "NF",
    "name": "NORFOLK ISLAND",
    "shortname": "Norfolk Island",
    "phonecode": "672",
    "zone": "Oceania",
    "currency": "AUD",
    "continent": "Oceania",
    "geoLat": -29.03333,
    "geoLong": 167.94972,
    "altname": "Norfolk I."
  },
  {
    "id": "NG",
    "name": "NIGERIA",
    "shortname": "Nigeria",
    "phonecode": "234",
    "zone": "Northern Africa",
    "currency": "NGN",
    "continent": "Africa",
    "geoLat": 9.59395988695573,
    "geoLong": 8.10530640960786,
    "altname": "NIGERIA"
  },
  {
    "id": "NI",
    "name": "NICARAGUA",
    "shortname": "Nicaragua",
    "phonecode": "505",
    "zone": "Latin America",
    "currency": "NIO",
    "continent": "South America",
    "geoLat": 12.3355420743792,
    "geoLong": -84.9199411471587,
    "altname": "NICARAGUA"
  },
  {
    "id": "NL",
    "name": "NETHERLANDS",
    "shortname": "Netherlands",
    "phonecode": "31",
    "zone": "Western Europe",
    "currency": "EUR",
    "continent": "Europe",
    "geoLat": 51.9724664894952,
    "geoLong": 5.61349061168593,
    "altname": "NETHERLANDS"
  },
  {
    "id": "NO",
    "name": "NORWAY",
    "shortname": "Norway",
    "phonecode": "47",
    "zone": "Northern Europe",
    "currency": "NOK",
    "continent": "Europe",
    "geoLat": 61.2483331493152,
    "geoLong": 8.80482073895072,
    "altname": "NORWAY"
  },
  {
    "id": "NP",
    "name": "NEPAL",
    "shortname": "Nepal",
    "phonecode": "977",
    "zone": "India Subcontinent",
    "currency": "NPR",
    "continent": "Asia",
    "geoLat": 28.2530072798101,
    "geoLong": 83.9385480132428,
    "altname": "NEPAL"
  },
  {
    "id": "NR",
    "name": "NAURU",
    "shortname": "Nauru",
    "phonecode": "674",
    "zone": "Oceania",
    "currency": "AUD",
    "continent": "Oceania",
    "geoLat": -0.522103115219411,
    "geoLong": 166.929376519841,
    "altname": "NAURU"
  },
  {
    "id": "NU",
    "name": "NIUE",
    "shortname": "Niue",
    "phonecode": "683",
    "zone": "Oceania",
    "currency": "NZD",
    "continent": "Oceania",
    "geoLat": -19.0249700000001,
    "geoLong": -169.8666861,
    "altname": "NIUE"
  },
  {
    "id": "NZ",
    "name": "NEW ZEALAND",
    "shortname": "New Zealand",
    "phonecode": "64",
    "zone": "Oceania",
    "currency": "NZD",
    "continent": "Oceania",
    "geoLat": -41.8388752215127,
    "geoLong": 171.779900195937,
    "altname": "NEW ZEALAND"
  },
  {
    "id": "OM",
    "name": "OMAN",
    "shortname": "Oman",
    "phonecode": "968",
    "zone": "Middle East",
    "currency": "OMR",
    "continent": "Asia",
    "geoLat": 21.3836372099704,
    "geoLong": 57.0864239443949,
    "altname": "OMAN"
  },
  {
    "id": "PA",
    "name": "PANAMA",
    "shortname": "Panama",
    "phonecode": "507",
    "zone": "Latin America",
    "currency": "PAB",
    "continent": "South America",
    "geoLat": 8.70473482400532,
    "geoLong": -80.2681751731831,
    "altname": "PANAMA"
  },
  {
    "id": "PE",
    "name": "PERU",
    "shortname": "Peru",
    "phonecode": "51",
    "zone": "Latin America",
    "alias": "Republic of Peru",
    "currency": "PEN",
    "continent": "South America",
    "geoLat": -10.1510925136244,
    "geoLong": -75.3111319559783,
    "altname": "PERU"
  },
  {
    "id": "PF",
    "name": "FRENCH POLYNESIA",
    "shortname": "Polynesia",
    "phonecode": "689",
    "zone": "Western Europe",
    "currency": "XPF",
    "continent": "Europe",
    "geoLat": -17.53812232,
    "geoLong": -149.56466734,
    "altname": "French Polynesia"
  },
  {
    "id": "PG",
    "name": "PAPUA NEW GUINEA",
    "shortname": "Papua New Guinea",
    "phonecode": "675",
    "zone": "Oceania",
    "currency": "PGK",
    "continent": "Oceania",
    "geoLat": -6.4783775316607,
    "geoLong": 145.241749381464,
    "altname": "PAPUA NEW GUINEA"
  },
  {
    "id": "PH",
    "name": "PHILIPPINES",
    "shortname": "Philippines",
    "phonecode": "63",
    "zone": "SouthEast Asia",
    "alias": "Republic of the Philippines",
    "currency": "PHP",
    "continent": "Asia",
    "geoLat": 14.58678841,
    "geoLong": 120.98177916,
    "altname": "PHILIPPINES"
  },
  {
    "id": "PK",
    "name": "PAKISTAN",
    "shortname": "Pakistan",
    "phonecode": "92",
    "zone": "Middle East",
    "alias": "Islamic Republic of Pakistan",
    "currency": "PKR",
    "continent": "Asia",
    "geoLat": 28.1863846711864,
    "geoLong": 67.6952367278874,
    "altname": "PAKISTAN"
  },
  {
    "id": "PL",
    "name": "POLAND",
    "shortname": "Poland",
    "phonecode": "48",
    "zone": "Eastern Europe",
    "alias": "Republic of Poland",
    "currency": "PLN",
    "continent": "Europe",
    "geoLat": 52.1246099075455,
    "geoLong": 19.30063630556,
    "altname": "POLAND"
  },
  {
    "id": "PM",
    "name": "SAINT PIERRE & MIQUELON",
    "shortname": "St Pierre & Miquelon",
    "phonecode": "508",
    "zone": "Latin America",
    "currency": "EUR",
    "continent": "South America",
    "geoLat": 47.389297,
    "geoLong": 0.719261,
    "altname": "St. Pierre & Miquelon"
  },
  {
    "id": "PN",
    "name": "PITCAIRN ISLAND",
    "shortname": "Pitcairn Island",
    "phonecode": "872",
    "zone": "Oceania",
    "currency": "NZD",
    "continent": "Oceania",
    "geoLat": -25.06689772,
    "geoLong": -130.10036259,
    "altname": "Pitcairn Is."
  },
  {
    "id": "PR",
    "name": "PUERTO RICO",
    "shortname": "Puerto Rico",
    "phonecode": "1-787",
    "zone": "Latin America",
    "currency": "USD",
    "continent": "South America",
    "geoLat": 18.2213294459009,
    "geoLong": -66.4623392630918,
    "altname": "PUERTO RICO"
  },
  {
    "id": "PS",
    "name": "PALESTINE",
    "shortname": "Palestine",
    "phonecode": "970",
    "zone": "Middle East",
    "currency": "ILS",
    "continent": "Asia",
    "geoLat": 31.88333,
    "geoLong": 35.2,
    "altname": "PALESTINE"
  },
  {
    "id": "PT",
    "name": "PORTUGAL",
    "shortname": "Portugal",
    "phonecode": "351",
    "zone": "Western Europe",
    "alias": "Portuguese Republic",
    "currency": "EUR",
    "continent": "Europe",
    "geoLat": 39.6009946583093,
    "geoLong": -8.56273059638958,
    "altname": "PORTUGAL"
  },
  {
    "id": "PW",
    "name": "PALAU",
    "shortname": "Palau",
    "phonecode": "680",
    "zone": "SouthEast Asia",
    "alias": "Republic of Palau",
    "currency": "USD",
    "continent": "Asia",
    "geoLat": 7.51507487829116,
    "geoLong": 134.575242448648,
    "altname": "PALAU"
  },
  {
    "id": "PY",
    "name": "PARAGUAY",
    "shortname": "Paraguay",
    "phonecode": "595",
    "zone": "Latin America",
    "currency": "PYG",
    "continent": "South America",
    "geoLat": -23.236210654675,
    "geoLong": -58.3910238917002,
    "altname": "PARAGUAY"
  },
  {
    "id": "QA",
    "name": "QATAR",
    "shortname": "Qatar",
    "phonecode": "974",
    "zone": "Middle East",
    "currency": "QAR",
    "continent": "Asia",
    "geoLat": 25.3150785008825,
    "geoLong": 51.1912009969872,
    "altname": "QATAR"
  },
  {
    "id": "RE",
    "name": "REUNION",
    "shortname": "Reunion",
    "phonecode": "262",
    "zone": "Southern Africa",
    "currency": "EUR",
    "continent": "Africa",
    "geoLat": -21.1216612099287,
    "geoLong": 55.5381792270415,
    "altname": "REUNION"
  },
  {
    "id": "RO",
    "name": "ROMANIA",
    "shortname": "Romania",
    "phonecode": "40",
    "zone": "Eastern Europe",
    "currency": "RON",
    "continent": "Europe",
    "geoLat": 45.8436147575587,
    "geoLong": 24.9692584752492,
    "altname": "ROMANIA"
  },
  {
    "id": "RS",
    "name": "SERBIA",
    "shortname": "Serbia",
    "phonecode": "381",
    "zone": "Eastern Europe",
    "alias": "Republic of Serbia,Servia",
    "currency": "RSD",
    "continent": "Europe",
    "geoLat": 44.2267366369366,
    "geoLong": 20.7952998132557,
    "altname": "SERBIA"
  },
  {
    "id": "RU",
    "name": "RUSSIA",
    "shortname": "Russia",
    "phonecode": "7",
    "zone": "Eastern Europe",
    "currency": "RUB",
    "continent": "Europe",
    "geoLat": 61.9945734073292,
    "geoLong": 96.6697054604756,
    "altname": "RUSSIA"
  },
  {
    "id": "RW",
    "name": "RWANDA",
    "shortname": "Rwanda",
    "phonecode": "250",
    "zone": "Southern Africa",
    "alias": "Republic of Rwanda",
    "currency": "RWF",
    "continent": "Africa",
    "geoLat": -1.86550575827486,
    "geoLong": 29.917651661429,
    "altname": "RWANDA"
  },
  {
    "id": "SA",
    "name": "SAUDI ARABIA",
    "shortname": "Saudi Arabia",
    "phonecode": "966",
    "zone": "Middle East",
    "alias": "Kingdom of Saudi Arabia",
    "currency": "SAR",
    "continent": "Asia",
    "geoLat": 23.384784,
    "geoLong": 44.652426,
    "altname": "SAUDI ARABIA"
  },
  {
    "id": "SB",
    "name": "SOLOMON ISLANDS",
    "shortname": "Solomon Islands",
    "phonecode": "677",
    "zone": "Oceania",
    "currency": "SBD",
    "continent": "Oceania",
    "geoLat": -9.43058362,
    "geoLong": 159.95268507,
    "altname": "Solomon Is."
  },
  {
    "id": "SC",
    "name": "SEYCHELLES",
    "shortname": "Seychelles",
    "phonecode": "248",
    "zone": "Southern Africa",
    "currency": "SCR",
    "continent": "Africa",
    "geoLat": -4.62309306,
    "geoLong": 55.45306535,
    "altname": "SEYCHELLES"
  },
  {
    "id": "SD",
    "name": "SUDAN",
    "shortname": "Sudan",
    "phonecode": "249",
    "zone": "Southern Africa",
    "alias": "Republic of the Sudan",
    "currency": "SDG",
    "continent": "Africa",
    "geoLat": 13.831539138903,
    "geoLong": 30.049948137055,
    "altname": "SUDAN"
  },
  {
    "id": "SE",
    "name": "SWEDEN",
    "shortname": "Sweden",
    "phonecode": "46",
    "zone": "Northern Europe",
    "currency": "SEK",
    "continent": "Europe",
    "geoLat": 64.9648751621697,
    "geoLong": 17.6754094331351,
    "altname": "SWEDEN"
  },
  {
    "id": "SG",
    "name": "SINGAPORE",
    "shortname": "Singapore",
    "phonecode": "65",
    "zone": "SouthEast Asia",
    "alias": "Republic of Singapore",
    "currency": "SGD",
    "continent": "Asia",
    "geoLat": 1.3516161224392,
    "geoLong": 103.808052586332,
    "altname": "SINGAPORE"
  },
  {
    "id": "SH",
    "name": "SAINT HELENA",
    "shortname": "Saint Helena",
    "phonecode": "290",
    "zone": "Latin America",
    "currency": "USD",
    "continent": "South America",
    "geoLat": -15.92459139,
    "geoLong": -5.71833264,
    "altname": "St. Helena"
  },
  {
    "id": "SI",
    "name": "SLOVENIA",
    "shortname": "Slovenia",
    "phonecode": "386",
    "zone": "Eastern Europe",
    "currency": "EUR",
    "continent": "Europe",
    "geoLat": 46.1694584888026,
    "geoLong": 14.6940763981247,
    "altname": "SLOVENIA"
  },
  {
    "id": "SJ",
    "name": "SVALBARD AND JAN MAYEN",
    "shortname": "Svalbard",
    "phonecode": "47",
    "zone": "Northern Europe",
    "currency": "NOK",
    "continent": "Europe",
    "geoLat": 78.715404,
    "geoLong": 20.294606,
    "altname": "SVALBARD AND JAN MAYEN"
  },
  {
    "id": "SK",
    "name": "SLOVAKIA",
    "shortname": "Slovakia",
    "phonecode": "421",
    "zone": "Eastern Europe",
    "currency": "EUR",
    "continent": "Europe",
    "geoLat": 48.7075308687827,
    "geoLong": 19.4916510938648,
    "altname": "SLOVAKIA"
  },
  {
    "id": "SL",
    "name": "SIERRA LEONE",
    "shortname": "Sierra Leone",
    "phonecode": "232",
    "zone": "Northern Africa",
    "currency": "SLL",
    "continent": "Africa",
    "geoLat": 8.5602844366464,
    "geoLong": -11.7919215799479,
    "altname": "SIERRA LEONE"
  },
  {
    "id": "SM",
    "name": "SAN MARINO",
    "shortname": "San Marino",
    "phonecode": "378",
    "zone": "Western Europe",
    "currency": "EUR",
    "continent": "Europe",
    "geoLat": 43.9429432390468,
    "geoLong": 12.4609765471166,
    "altname": "SAN MARINO"
  },
  {
    "id": "SN",
    "name": "SENEGAL",
    "shortname": "Senegal",
    "phonecode": "221",
    "zone": "Northern Africa",
    "currency": "XOF",
    "continent": "Africa",
    "geoLat": 15.2214469730201,
    "geoLong": -14.8208799701359,
    "altname": "SENEGAL"
  },
  {
    "id": "SO",
    "name": "SOMALIA",
    "shortname": "Somalia",
    "phonecode": "252",
    "zone": "Northern Africa",
    "currency": "SOS",
    "continent": "Africa",
    "geoLat": 5.78639625215069,
    "geoLong": 47.3258529830799,
    "altname": "SOMALIA"
  },
  {
    "id": "SR",
    "name": "SURINAME",
    "shortname": "Suriname",
    "phonecode": "597",
    "zone": "Latin America",
    "currency": "SRD",
    "continent": "South America",
    "geoLat": 3.69296650830846,
    "geoLong": -55.9118262275729,
    "altname": "SURINAME"
  },
  {
    "id": "SS",
    "name": "SOUTH SUDAN",
    "shortname": "South Sudan",
    "phonecode": "211",
    "zone": "Middle East",
    "currency": "ssp",
    "continent": "Asia",
    "geoLat": 7.2653860999999,
    "geoLong": 30.0548899999997,
    "altname": "SOUTH SUDAN"
  },
  {
    "id": "ST",
    "name": "SAO TOME & PRINCIPE",
    "shortname": "Sao Tome & Principe",
    "phonecode": "239",
    "zone": "Northern Africa",
    "currency": "STD",
    "continent": "Africa",
    "geoLat": 38.02841,
    "geoLong": -3.100583,
    "altname": "SAO TOME & PRINCIPE"
  },
  {
    "id": "SV",
    "name": "EL SALVADOR",
    "shortname": "El Salvador",
    "phonecode": "503",
    "zone": "Latin America",
    "currency": "SVC",
    "continent": "South America",
    "geoLat": 13.7368969076932,
    "geoLong": -88.8665114518297,
    "altname": "EL SALVADOR"
  },
  {
    "id": "SX",
    "name": "SINT MARTEEN",
    "shortname": "Sint Marteen",
    "phonecode": "1-721",
    "zone": "Northern Europe",
    "currency": "ANG",
    "continent": "Europe",
    "geoLat": 51.986974,
    "geoLong": 5.910919,
    "altname": "SINT MARTEEN"
  },
  {
    "id": "SY",
    "name": "SYRIA",
    "shortname": "Syria",
    "phonecode": "963",
    "zone": "Middle East",
    "currency": "SYP",
    "continent": "Asia",
    "geoLat": 35.0130478400731,
    "geoLong": 38.50559189697,
    "altname": "SYRIA"
  },
  {
    "id": "SZ",
    "name": "SWAZILAND",
    "shortname": "Swaziland",
    "phonecode": "268",
    "zone": "Southern Africa",
    "currency": "SZL",
    "continent": "Africa",
    "geoLat": -26.5626420959616,
    "geoLong": 31.4975289562193,
    "altname": "Eswatini"
  },
  {
    "id": "TC",
    "name": "TURKS & CAICOS",
    "shortname": "Turks & Caicos",
    "phonecode": "1-649",
    "zone": "Latin America",
    "currency": "USD",
    "continent": "South America",
    "geoLat": 21.7214683,
    "geoLong": -71.6201782999998,
    "altname": "Turks & Caicos Is."
  },
  {
    "id": "TD",
    "name": "CHAD",
    "shortname": "Chad",
    "phonecode": "235",
    "zone": "Northern Africa",
    "currency": "XAF",
    "continent": "Africa",
    "geoLat": 15.3611667142703,
    "geoLong": 18.6644791159188,
    "altname": "CHAD"
  },
  {
    "id": "TF",
    "name": "FRENCH SOUTHERN TERRITORIES",
    "shortname": "TAAF",
    "phonecode": "262",
    "zone": "Western Europe",
    "currency": "EUR",
    "continent": "Europe",
    "geoLat": -49.34904359,
    "geoLong": 70.21919669,
    "altname": "French Southern & Antarctic Lands"
  },
  {
    "id": "TG",
    "name": "TOGO",
    "shortname": "Togo",
    "phonecode": "228",
    "zone": "Northern Africa",
    "currency": "XOF",
    "continent": "Africa",
    "geoLat": 8.76622092166324,
    "geoLong": 1.04255291389074,
    "altname": "TOGO"
  },
  {
    "id": "TH",
    "name": "THAILAND",
    "shortname": "Thailand",
    "phonecode": "66",
    "zone": "SouthEast Asia",
    "currency": "THB",
    "continent": "Asia",
    "geoLat": 15.127333464868,
    "geoLong": 101.017437716385,
    "altname": "THAILAND"
  },
  {
    "id": "TJ",
    "name": "TAJIKISTAN",
    "shortname": "Tajikistan",
    "phonecode": "992",
    "zone": "Middle East",
    "currency": "TJS",
    "continent": "Asia",
    "geoLat": 38.8385084835418,
    "geoLong": 71.0420037711059,
    "altname": "TAJIKISTAN"
  },
  {
    "id": "TK",
    "name": "TOKELAU",
    "shortname": "Tokelau",
    "phonecode": "690",
    "zone": "Oceania",
    "currency": "NZD",
    "continent": "Oceania",
    "geoLat": -9.19897526,
    "geoLong": -171.84954066,
    "altname": "TOKELAU"
  },
  {
    "id": "TL",
    "name": "EAST TIMOR",
    "shortname": "East Timor",
    "phonecode": "670",
    "zone": "SouthEast Asia",
    "currency": "USD",
    "continent": "Asia",
    "geoLat": -8.84990758490557,
    "geoLong": 125.77338687348,
    "altname": "Timor-Leste"
  },
  {
    "id": "TM",
    "name": "TURKMENISTAN",
    "shortname": "Turkmenistan",
    "phonecode": "993",
    "zone": "Middle East",
    "currency": "USD",
    "continent": "Asia",
    "geoLat": 39.1222850315681,
    "geoLong": 59.3843773120436,
    "altname": "TURKMENISTAN"
  },
  {
    "id": "TN",
    "name": "TUNISIA",
    "shortname": "Tunisia",
    "phonecode": "216",
    "zone": "Northern Africa",
    "currency": "TND",
    "continent": "Africa",
    "geoLat": 34.1107038598115,
    "geoLong": 9.56116835557131,
    "altname": "TUNISIA"
  },
  {
    "id": "TO",
    "name": "TONGA",
    "shortname": "Tonga",
    "phonecode": "676",
    "zone": "Oceania",
    "currency": "TOP",
    "continent": "Oceania",
    "geoLat": -21.13637335,
    "geoLong": -175.20610125,
    "altname": "TONGA"
  },
  {
    "id": "TR",
    "name": "TURKEY",
    "shortname": "Turkey",
    "phonecode": "90",
    "zone": "Middle East",
    "alias": "Republic of Turkey",
    "currency": "TRY",
    "continent": "Asia",
    "geoLat": 39.0604813685019,
    "geoLong": 35.1795933806353,
    "altname": "T\u00fcrkiye"
  },
  {
    "id": "TT",
    "name": "TRINIDAD & TOBAGO",
    "shortname": "Trinidad & Tobago",
    "phonecode": "1-868",
    "zone": "Latin America",
    "currency": "TTD",
    "continent": "South America",
    "geoLat": 10.4686430117018,
    "geoLong": -61.2531757283896,
    "altname": "TRINIDAD & TOBAGO"
  },
  {
    "id": "TV",
    "name": "TUVALU",
    "shortname": "Tuvalu",
    "phonecode": "688",
    "zone": "Oceania",
    "currency": "AUD",
    "continent": "Oceania",
    "geoLat": -8.52427147,
    "geoLong": 179.1952237,
    "altname": "TUVALU"
  },
  {
    "id": "TW",
    "name": "TAIWAN",
    "shortname": "Taiwan",
    "phonecode": "886",
    "zone": "SouthEast Asia",
    "alias": "Republic of China",
    "currency": "TWD",
    "continent": "Asia",
    "geoLat": 23.7779779950014,
    "geoLong": 120.930229378541,
    "altname": "TAIWAN"
  },
  {
    "id": "TZ",
    "name": "TANZANIA",
    "shortname": "Tanzania",
    "phonecode": "255",
    "zone": "Southern Africa",
    "alias": "United Republic of Tanganyika and Zanzibar,United Republic of Tanzania",
    "currency": "TZS",
    "continent": "Africa",
    "geoLat": -6.27035338020445,
    "geoLong": 34.8234540265851,
    "altname": "TANZANIA"
  },
  {
    "id": "UA",
    "name": "UKRAINE",
    "shortname": "Ukraine",
    "phonecode": "380",
    "zone": "Eastern Europe",
    "currency": "UAH",
    "continent": "Europe",
    "geoLat": 49.3227937844972,
    "geoLong": 31.3202829593814,
    "altname": "UKRAINE"
  },
  {
    "id": "UG",
    "name": "UGANDA",
    "shortname": "Uganda",
    "phonecode": "256",
    "zone": "Southern Africa",
    "currency": "UGX",
    "continent": "Africa",
    "geoLat": 1.27996353132461,
    "geoLong": 32.3862178703861,
    "altname": "UGANDA"
  },
  {
    "id": "UK",
    "name": "UNITED KINGDOM",
    "shortname": "UK",
    "phonecode": "44",
    "zone": "UK",
    "alias": "United Kingdom of Great Britain and Northern Ireland,UK,Great Britain,England,Northern Ireland",
    "currency": "GBP",
    "continent": "Europe",
    "geoLat": 54.2379333607472,
    "geoLong": -2.36966957036279,
    "altname": "United Kingdom"
  },
  {
    "id": "UM",
    "name": "MINOR OUTLYING ISLANDS",
    "shortname": "Minor Outlying",
    "phonecode": "1",
    "zone": "North America",
    "currency": "USD",
    "continent": "North America",
    "geoLat": 19.305073,
    "geoLong": 166.636881,
    "altname": "MINOR OUTLYING ISLANDS"
  },
  {
    "id": "US",
    "name": "UNITED STATES",
    "shortname": "USA",
    "phonecode": "1",
    "zone": "North America",
    "alias": "United States,the States,US,U.S.,USA,U.S.A",
    "currency": "USD",
    "continent": "North America",
    "geoLat": 39.3812661305678,
    "geoLong": -97.9222112121185,
    "altname": "United States"
  },
  {
    "id": "UY",
    "name": "URUGUAY",
    "shortname": "Uruguay",
    "phonecode": "598",
    "zone": "Latin America",
    "currency": "UYU",
    "continent": "South America",
    "geoLat": -32.7996455126793,
    "geoLong": -56.012396238658,
    "altname": "URUGUAY"
  },
  {
    "id": "UZ",
    "name": "UZBEKISTAN",
    "shortname": "Uzbekistan",
    "phonecode": "998",
    "zone": "Middle East",
    "currency": "UZS",
    "continent": "Asia",
    "geoLat": 41.7504367984144,
    "geoLong": 63.169371992914,
    "altname": "UZBEKISTAN"
  },
  {
    "id": "VA",
    "name": "VATICAN CITY",
    "shortname": "Vatican City",
    "phonecode": "379",
    "zone": "Western Europe",
    "currency": "EUR",
    "continent": "Europe",
    "geoLat": 41.903536,
    "geoLong": 12.451772,
    "altname": "VATICAN CITY"
  },
  {
    "id": "VC",
    "name": "SAINT VINCENT & THE GRENADIN",
    "shortname": "St Vincent & Grenadi",
    "phonecode": "1-784",
    "zone": "Latin America",
    "currency": "XCD",
    "continent": "South America",
    "geoLat": 13.2548078283631,
    "geoLong": -61.1937651880492,
    "altname": "St. Vincent & the Grenadines"
  },
  {
    "id": "VE",
    "name": "VENEZUELA",
    "shortname": "Venezuela",
    "phonecode": "58",
    "zone": "Latin America",
    "currency": "VEF",
    "continent": "South America",
    "geoLat": 7.61957014788959,
    "geoLong": -65.801997444749,
    "altname": "VENEZUELA"
  },
  {
    "id": "VG",
    "name": "VIRGIN ISLANDS (BRITISH)",
    "shortname": "British Virgin Is.",
    "phonecode": "1-340",
    "zone": "Latin America",
    "currency": "USD",
    "continent": "South America",
    "geoLat": 49.899076,
    "geoLong": -125.245483,
    "altname": "British Virgin Is."
  },
  {
    "id": "VI",
    "name": "VIRGIN ISLANDS (US)",
    "shortname": "Virgin Is.",
    "phonecode": "1-284",
    "zone": "Latin America",
    "currency": "USD",
    "continent": "South America",
    "geoLat": 39.955466,
    "geoLong": -74.231715,
    "altname": "Virgin Is."
  },
  {
    "id": "VN",
    "name": "VIETNAM",
    "shortname": "Vietnam",
    "phonecode": "84",
    "zone": "SouthEast Asia",
    "currency": "VND",
    "continent": "Asia",
    "geoLat": 14.3154241771087,
    "geoLong": 108.339537475899,
    "altname": "VIETNAM"
  },
  {
    "id": "VU",
    "name": "VANUATU",
    "shortname": "Vanuatu",
    "phonecode": "678",
    "zone": "Oceania",
    "currency": "VUV",
    "continent": "Oceania",
    "geoLat": -17.74296727,
    "geoLong": 168.31741541,
    "altname": "VANUATU"
  },
  {
    "id": "WF",
    "name": "WALLIS & FUTUNA",
    "shortname": "Wallis & Futuna",
    "phonecode": "681",
    "zone": "Oceania",
    "currency": "XPF",
    "continent": "Oceania",
    "geoLat": -13.28078435,
    "geoLong": -176.18564416,
    "altname": "WALLIS & FUTUNA"
  },
  {
    "id": "WS",
    "name": "SAMOA",
    "shortname": "Samoa",
    "phonecode": "685",
    "zone": "Oceania",
    "currency": "WST",
    "continent": "Oceania",
    "geoLat": -13.83932976,
    "geoLong": -171.76374956,
    "altname": "SAMOA"
  },
  {
    "id": "WW",
    "name": "ONLINE",
    "shortname": "Online",
    "phonecode": "",
    "zone": null,
    "currency": null,
    "countryLongname": "online",
    "continent": "Asia",
    "geoLat": 41.134952,
    "geoLong": -81.816228,
    "altname": "ONLINE"
  },
  {
    "id": "XK",
    "name": "KOSOVO",
    "shortname": "Kosovo",
    "phonecode": "383",
    "zone": "Eastern Europe",
    "currency": "EUR",
    "continent": "Europe",
    "geoLat": 42.6430165,
    "geoLong": 20.953599,
    "altname": "KOSOVO"
  },
  {
    "id": "YE",
    "name": "YEMEN",
    "shortname": "Yemen",
    "phonecode": "967",
    "zone": "Middle East",
    "currency": "YER",
    "continent": "Asia",
    "geoLat": 15.9378350127516,
    "geoLong": 47.6219307491681,
    "altname": "YEMEN"
  },
  {
    "id": "YT",
    "name": "MAYOTTE",
    "shortname": "Mayotte",
    "phonecode": "269",
    "zone": "Southern Africa",
    "currency": "EUR",
    "continent": "Africa",
    "geoLat": -12.8197956282959,
    "geoLong": 45.1351604116082,
    "altname": "MAYOTTE"
  },
  {
    "id": "ZA",
    "name": "SOUTH AFRICA",
    "shortname": "South Africa",
    "phonecode": "27",
    "zone": "Southern Africa",
    "currency": "ZAR",
    "continent": "Africa",
    "geoLat": -28.3782721906973,
    "geoLong": 23.9137106762068,
    "altname": "SOUTH AFRICA"
  },
  {
    "id": "ZM",
    "name": "ZAMBIA",
    "shortname": "Zambia",
    "phonecode": "260",
    "zone": "Southern Africa",
    "alias": "Northern Rhodesia,Republic of Zambia",
    "currency": "USD",
    "continent": "Africa",
    "geoLat": -14.0049082837326,
    "geoLong": 27.4306751716734,
    "altname": "ZAMBIA"
  },
  {
    "id": "ZW",
    "name": "ZIMBABWE",
    "shortname": "Zimbabwe",
    "phonecode": "263",
    "zone": "Southern Africa",
    "alias": "Republic of Zimbabwe",
    "currency": "USD",
    "continent": "Africa",
    "geoLat": -19.1894587635565,
    "geoLong": 29.9386693711454,
    "altname": "ZIMBABWE"
  }
]